transcription factors,cytokines and growth factors,cell differentiation markers,protein kinases,oncogenes,tumor suppresors
AATF,ADA2,ABCB1,AAK1,ABI1,AMER1
ABT1,ADIPOQ,ABCG2,AATK,ABL1,APC
ACVR2A,ADM,ACE,ABL1,ABL2,ASXL1
ADNP,ADM2,ACKR1,ABL2,ACKR3,ATM
ADNP2,AGRP,ADAM10,ACVR1,ACSL3,BLM
ADPGK,AGT,ADAM17,ACVR1B,ACSL6,BMPR1A
AFDN,AIMP1,ADGRE2,ACVR1C,AFDN,BRCA1
AFF1,AMBN,ADGRE5,ACVR2A,AFF1,BRCA2
AFF2,AMELX,ALCAM,ACVR2B,AFF3,BRIP1
AFF3,AMH,ALK,ACVRL1,AFF4,BUB1B
AFF4,ANGPTL5,ANPEP,ADCK1,AKAP9,CBLB
AHR,ANGPTL7,ART1,ADCK2,AKT1,CBLC
AIRE,APLN,ART4,ADCK5,AKT2,CDC73
AKAP17A,AREG,ATP1B3,AKT1,ALK,CDH1
ALX1,ARTN,B3GAT1,AKT2,ARHGAP26,CDKN2A
ALX3,AVP,BCAM,AKT3,ARHGEF12,CDKN2C
ALX4,AZU1,BMPR1A,ALK,ARNT,CHEK2
ALYREF,BDNF,BMPR1B,ALPK1,ASPSCR1,CYLD
ANP32A,BMP1,BSG,ALPK2,ATF1,DDB2
AR,BMP10,BST1,ALPK3,ATIC,DICER1
ARC,BMP15,BST2,AMHR2,BCL10,EP300
ARFGAP2,BMP2,BTLA,ANKK1,BCL11A,ERCC2
ARGFX,BMP3,BTN3A1,ARAF,BCL11B,ERCC3
ARGFXP1,BMP4,C5AR1,ATM,BCL2,ERCC4
ARGFXP2,BMP5,CCR1,ATR,BCL3,ERCC5
ARHGAP35,BMP6,CCR2,AURKA,BCL6,EXT1
ARID1B,BMP7,CCR3,AURKB,BCL7A,EXT2
ARID3A,BMP8A,CCR4,AURKC,BCL9,FANCA
ARID3B,BMP8B,CCR5,AXL,BCR,FANCC
ARID5A,BTC,CCR6,BCKDK,BIRC3,FANCD2
ARID5B,C3,CCR7,BCR,BRAF,FANCE
ARIH2,C5,CCR8,BLK,BRD3,FANCF
ARNT,CALCA,CCR9,BMP2K,BRD4,FANCG
ARNT2,CALCB,CD101,BMPR1A,BTG1,FAS
ARX,CAMP,CD109,BMPR1B,CANT1,FBXW7
ASCL1,CAT,CD14,BMPR2,CARD11,FH
ASCL2,CCK,CD151,BMX,CARS1,GATA3
ASCL3,CCL1,CD160,BRAF,CBFA2T3,HNF1A
ASH1L,CCL11,CD163,BRD2,CBFB,KDM5C
ASH2L,CCL13,CD164,BRD3,CCDC6,KDM6A
ATF1,CCL14,CD177,BRD4,CCNB1IP1,KLF6
ATF2,CCL15,CD180,BRDT,CCND1,MAP2K4
ATF3,CCL16,CD19,BRSK1,CCND2,MEN1
ATF4,CCL17,CD1A,BRSK2,CCND3,MLH1
ATF5,CCL18,CD1B,BTK,CD74,MSH2
ATF6,CCL19,CD1C,BUB1,CD79A,MSH6
ATF6B,CCL2,CD1D,BUB1B,CD79B,MUTYH
ATF7,CCL20,CD1E,CAMK1,CDH11,NBN
ATF7IP,CCL21,CD2,CAMK1D,CDK4,NF1
ATG4B,CCL22,CD200,CAMK1G,CDK6,NF2
ATN1,CCL23,CD207,CAMK2A,CDX2,PALB2
ATOH1,CCL24,CD209,CAMK2B,CEBPA,PHOX2B
ATOH7,CCL25,CD22,CAMK2D,CEP43,PIK3R1
ATRX,CCL26,CD226,CAMK2G,CHCHD7,PMS1
ATXN2,CCL27,CD244,CAMK4,CHIC2,PMS2
BACH1,CCL28,CD247,CAMKK1,CHN1,PRF1
BACH2,CCL3,CD248,CAMKK2,CIC,PTCH1
BANP,CCL3L3,CD27,CAMKV,CIITA,PTEN
BARHL1,CCL4,CD274,CASK,CLP1,RB1
BARHL2,CCL4L2,CD276,CDC42BPA,CLTC,RECQL4
BARX1,CCL5,CD28,CDC42BPB,CLTCL1,SBDS
BARX2,CCL7,CD300A,CDC42BPG,CNBP,SDHAF2
BATF,CCL8,CD300C,CDC7,CNTRL,SDHB
BATF3,CCN1,CD302,CDK1,COL1A1,SDHC
BAZ1A,CCN2,CD320,CDK10,COX6C,SDHD
BAZ1B,CCN3,CD33,CDK11A,CREB1,SETD2
BAZ2A,CD320,CD34,CDK12,CREB3L2,SMAD4
BAZ2B,CD40LG,CD36,CDK13,CREBBP,SMARCA4
BCL11A,CD70,CD37,CDK14,CRLF2,SMARCB1
BCL11B,CDNF,CD38,CDK15,CRTC1,SOCS1
BCL3,CER1,CD3D,CDK16,CRTC3,STK11
BCL6,CGA,CD3E,CDK17,CTNNB1,SUFU
BCLAF1,CGB1,CD3G,CDK18,DDIT3,TET2
BHLHE22,CGB2,CD4,CDK19,DDX10,TNFAIP3
BHLHE40,CGB3,CD40,CDK2,DDX5,TP53
BHLHE41,CGB5,CD40LG,CDK20,DDX6,TSC1
BLOC1S1,CGB7,CD44,CDK3,DEK,TSC2
BLZF1,CGB8,CD46,CDK4,DUX4,VHL
BMAL1,CHGA,CD47,CDK5,EGFR,WRN
BMI1,CHGB,CD48,CDK6,EIF4A2,WT1
BNC1,CKLF,CD5,CDK7,ELF4,XPA
BNC2,CLCF1,CD52,CDK8,ELK4,XPC
BORCS8-MEF2B,CLEC11A,CD53,CDK9,ELL,
BPTF,CMA1,CD55,CDKL1,ELN,
BRD1,CMTM1,CD58,CDKL2,EML4,
BRD2,CMTM2,CD59,CDKL3,EPS15,
BRD3,CMTM3,CD5L,CDKL4,ERBB2,
BRD4,CMTM4,CD6,CDKL5,ERC1,
BRD7,CMTM5,CD63,CHEK1,ERG,
BRDT,CMTM6,CD68,CHEK2,ETV1,
BRF1,CMTM7,CD69,CHUK,ETV4,
BRPF1,CMTM8,CD7,CILK1,ETV5,
BRPF3,CNTF,CD70,CIT,ETV6,
BSX,CORT,CD72,CLK1,EWSR1,
BTAF1,CRH,CD74,CLK2,FCGR2B,
BTBD3,CRIPTO,CD79A,CLK3,FCRL4,
BTF3,CRIPTO3,CD79B,CLK4,FEV,
BTF3P11,CSF1,CD81,CLUL1,FGFR1,
BTF3P12,CSF2,CD82,COQ8A,FGFR2,
BTF3P13,CSF3,CD83,CSF1R,FGFR3,
C22orf31,CSH1,CD84,CSK,FIP1L1,
CAND1,CSH2,CD86,CSNK1A1,FLI1,
CASK,CSHL1,CD8A,CSNK1A1L,FLT3,
CASZ1,CSPG5,CD8B,CSNK1D,FNBP1,
CBFA2T3,CTF1,CD9,CSNK1E,FOXL2,
CBX1,CTSG,CD93,CSNK1G1,FOXO1,
CBX2,CX3CL1,CD96,CSNK1G2,FOXO3,
CBX3,CXCL1,CD99,CSNK1G3,FOXO4,
CBX4,CXCL10,CDCP1,CSNK2A1,FOXP1,
CBX5,CXCL11,CDH1,CSNK2A2,FSTL3,
CBX6,CXCL12,CDH2,DAPK1,FUS,
CBX7,CXCL13,CDH5,DAPK2,GAS7,
CBX8,CXCL14,CEACAM1,DAPK3,GATA1,
CCT4,CXCL16,CEACAM3,DCLK1,GATA2,
CDK7,CXCL17,CEACAM5,DCLK2,GMPS,
CDK8,CXCL2,CEACAM6,DCLK3,GNAQ,
CDR2,CXCL3,CEACAM8,DDR1,GNAS,
CDX1,CXCL5,CLEC10A,DDR2,GOLGA5,
CDX2,CXCL6,CLEC4C,DMPK,GOPC,
CDX4,CXCL8,CLEC4M,DSTYK,GPHN,
CEBPA,CXCL9,CR1,DYRK1A,H4C9,
CEBPB,DEFA1,CR2,DYRK1B,HERPUD1,
CEBPD,DEFA3,CSF1R,DYRK2,HIP1,
CEBPE,DEFA5,CSF2RA,DYRK3,HLF,
CEBPG,DEFB1,CSF2RB,DYRK4,HMGA1,
CEBPZ,DEFB103B,CSF3R,EEF2K,HMGA2,
CELF3,DEFB104A,CTLA4,EGFR,HMGN2P46,
CERS2,DEFB4A,CXCR1,EIF2AK1,HNRNPA2B1,
CERS3,DKK1,CXCR2,EIF2AK2,HOOK3,
CERS4,EBI3,CXCR3,EIF2AK3,HOXA11,
CERS5,EDN1,CXCR4,EIF2AK4,HOXA13,
CERS6,EDN2,CXCR5,EPHA1,HOXA9,
CFAP20,EDN3,CXCR6,EPHA10,HOXC11,
CHD1,EGF,DDR1,EPHA2,HOXC13,
CHD1L,ENDOU,DDR2,EPHA3,HOXD11,
CHD2,ENSG00000282319,DPP4,EPHA4,HOXD13,
CHD3,EPGN,ENG,EPHA5,HRAS,
CHD4,EPO,ENPEP,EPHA6,HSP90AA1,
CHD5,EREG,ENPP3,EPHA7,HSP90AB1,
CHD6,ESM1,ENTPD1,EPHA8,IDH1,
CHMP3,FAM3B,EPCAM,EPHB1,IDH2,
CIAO1,FAM3C,ERBB2,EPHB2,IKZF1,
CIC,FAM3D,F11R,EPHB3,IL2,
CIITA,FASLG,F3,EPHB4,IL21R,
CIR1,FGF1,FAS,EPHB6,IL6ST,
CITED1,FGF10,FASLG,ERBB2,IRF4,
CITED2,FGF11,FCAR,ERBB3,ITK,
CLOCK,FGF12,FCER2,ERBB4,JAK1,
CNBP,FGF13,FCGR1A,ERN1,JAK2,
CNOT3,FGF14,FCGR2A,ERN2,JAK3,
CNOT4,FGF16,FCGR2B,FASTK,JAZF1,
CNOT8,FGF17,FCGR2C,FER,JUN,
CNPY3,FGF18,FCGR3A,FES,KAT6A,
COPS2,FGF19,FCRL5,FGFR1,KAT6B,
COPS5,FGF2,FGFR1,FGFR2,KDM5A,
CORO1A,FGF20,FGFR2,FGFR3,KDR,
CREB1,FGF21,FGFR3,FGFR4,KDSR,
CREB3,FGF22,FGFR4,FGR,KIAA1549,
CREB3L1,FGF23,FLT3,FLT1,KIT,
CREB5,FGF3,FUT3,FLT3,KLK2,
CREBBP,FGF4,FUT4,FLT4,KMT2A,
CREBL2,FGF5,FZD10,FRK,KNL1,
CREBZF,FGF6,FZD4,FYN,KRAS,
CREG1,FGF7,FZD9,GAK,KTN1,
CREM,FGF7P3,GGT1,GRK1,LASP1,
CRIP1,FGF7P6,GP1BA,GRK2,LCK,
CRIP2,FGF8,GP1BB,GRK3,LCP1,
CRX,FGF9,GP5,GRK4,LHFPL6,
CSRP1,FIGNL2,GP9,GRK5,LIFR,
CSRP2,FLT3LG,GYPA,GRK6,LMO1,
CSRP3,FSHB,GYPB,GRK7,LMO2,
CTCF,GAL,GYPC,GSK3A,LPP,
CTNNB1,GALP,HMMR,GSK3B,LYL1,
CUX1,GAST,ICAM1,GUCY2C,MAF,
CUX2,GCG,ICAM2,GUCY2D,MAFB,
CUX2P1,GDF1,ICAM3,GUCY2F,MALAT1,
DACH1,GDF10,ICAM4,HASPIN,MALT1,
DBP,GDF11,ICOS,HCK,MAML2,
DBX1,GDF15,ICOSLG,HIPK1,MDM2,
DBX2,GDF2,IFITM1,HIPK2,MDM4,
DCP1A,GDF3,IFNGR1,HIPK3,MDS2,
DDIT3,GDF5,IGF1R,HIPK4,MECOM,
DEAF1,GDF6,IGF2R,HSPB8,MET,
DENND4A,GDF7,IGLL1,HUNK,MITF,
DEPDC7,GDF9,IGSF8,IGF1R,MLF1,
DIDO1,GDNF,IL10RA,IKBKB,MLLT1,
DLX1,GH1,IL10RB,IKBKE,MLLT10,
DLX2,GH2,IL12RB1,ILK,MLLT11,
DLX3,GHRH,IL13RA1,IMPDH1P11,MLLT3,
DLX4,GHRL,IL13RA2,IMPG1,MLLT6,
DLX5,GIP,IL17RA,INSR,MN1,
DLX6,GKN1,IL18R1,INSRR,MNX1,
DMBX1,GMFB,IL18RAP,IRAK1,MPL,
DMRT1,GMFG,IL1R1,IRAK2,MRTFA,
DMRT2,GNRH1,IL1R2,IRAK3,MSI2,
DMRTA2,GNRH2,IL2RA,IRAK4,MSN,
DMRTC1,GPHA2,IL2RB,ITK,MTCP1,
DMTF1,GPHB5,IL2RG,KALRN,MUC1,
DPF1,GPI,IL3RA,KDR,MYB,
DPF2,GREM1,IL4R,KIT,MYC,
DPF3,GREM2,IL5RA,KSR1,MYCL,
DPRX,GRN,IL6R,KSR2,MYCN,
DPRXP1,GRP,IL6ST,LATS1,MYH11,
DPRXP2,GUCA2A,IL7R,LATS2,MYH9,
DPRXP3,HAMP,IL9R,LCK,NACA,
DPRXP4,HBEGF,INSR,LIMK1,NCKIPSD,
DPRXP5,HDGF,ITGA1,LIMK2,NCOA1,
DPRXP6,HGF,ITGA2,LMTK2,NCOA2,
DPRXP7,HTN3,ITGA2B,LMTK3,NCOA4,
DR1,IAPP,ITGA3,LRRK1,NFIB,
DRAP1,IFNA1,ITGA4,LRRK2,NFKB2,
DRGX,IFNA10,ITGA5,LTK,NIN,
DTX2,IFNA13,ITGA6,LYN,NONO,
DUX4,IFNA14,ITGAD,MAK,NOTCH1,
DUX4L8,IFNA16,ITGAE,MAP2K1,NOTCH2,
DUXA,IFNA17,ITGAL,MAP2K2,NPM1,
DUXAP1,IFNA2,ITGAM,MAP2K3,NR4A3,
DUXAP10,IFNA21,ITGAV,MAP2K4,NRAS,
DUXAP2,IFNA4,ITGAX,MAP2K5,NSD1,
DUXAP3,IFNA5,ITGB1,MAP2K6,NSD2,
DUXAP4,IFNA6,ITGB2,MAP2K7,NSD3,
DUXAP5,IFNA7,ITGB3,MAP3K1,NTRK1,
DUXAP6,IFNA8,ITGB4,MAP3K10,NTRK3,
DUXAP7,IFNB1,JAG1,MAP3K11,NUMA1,
DUXAP8,IFNE,JAM2,MAP3K12,NUP214,
DUXAP9,IFNG,KDR,MAP3K13,NUP98,
DUXB,IFNK,KEL,MAP3K14,NUTM1,
E2F1,IFNL1,KIR2DL1,MAP3K15,OLIG2,
E2F2,IFNL2,KIR2DL2,MAP3K19,OMD,
E2F3,IFNL3,KIR2DL3,MAP3K2,P2RY8,
E2F4,IFNW1,KIR2DL4,MAP3K20,PAFAH1B2,
E2F5,IGF1,KIR2DL5A,MAP3K21,PATZ1,
E2F6,IGF2,KIR2DS1,MAP3K3,PAX3,
E4F1,IL10,KIR2DS2,MAP3K4,PAX5,
EBF1,IL11,KIR2DS4,MAP3K5,PAX7,
EBF4,IL12A,KIR2DS5,MAP3K6,PAX8,
ECD,IL12B,KIR3DL1,MAP3K7,PBX1,
EED,IL13,KIR3DL2,MAP3K8,PCM1,
EGLN2,IL15,KIR3DP1,MAP3K9,PCSK7,
EGR1,IL16,KIR3DS1,MAP4K1,PDE4DIP,
EGR2,IL17A,KIT,MAP4K2,PDGFB,
EGR3,IL17B,KLRB1,MAP4K3,PDGFRA,
EGR4,IL17C,KLRC1,MAP4K4,PDGFRB,
EHF,IL17D,KLRC2,MAP4K5,PER1,
ELF1,IL17F,KLRD1,MAPK1,PICALM,
ELF2,IL18,KLRK1,MAPK10,PIK3CA,
ELF3,IL19,L1CAM,MAPK11,PIM1,
ELF4,IL1A,LAG3,MAPK12,PLAG1,
ELF5,IL1B,LAIR1,MAPK13,PML,
ELK1,IL1F10,LAIR2,MAPK14,POU2AF1,
ELK3,IL1RN,LAMP1,MAPK15,POU5F1,
ELK4,IL2,LAMP2,MAPK3,PPARG,
EMX1,IL20,LAMP3,MAPK4,PRCC,
EMX2,IL21,LEPR,MAPK6,PRDM16,
EN1,IL22,LIFR,MAPK7,PRRX1,
EN2,IL23A,LILRA1,MAPK8,PSIP1,
ENO1,IL24,LILRA2,MAPK9,PTPN11,
ENTREP3,IL25,LILRA3,MAPKAPK2,RABEP1,
EOMES,IL26,LILRA4,MAPKAPK3,RAD51B,
EP300,IL27,LILRA5,MAPKAPK5,RAF1,
EP400,IL3,LILRA6,MARK1,RANBP17,
EPAS1,IL31,LILRB1,MARK2,RAP1GDS1,
ERCC2,IL32,LILRB2,MARK3,RARA,
ERCC3,IL33,LILRB3,MARK4,RBM15,
ERCC6,IL34,LILRB4,MAST1,REL,
ERF,IL36A,LILRB5,MAST2,RET,
ERG,IL36B,LILRP1,MAST3,RHOH,
ERGIC2,IL36G,LILRP2,MAST4,RNF213,
ERMP1,IL36RN,LRP1,MASTL,RNF217-AS1,
ESR1,IL37,LY75,MATK,ROS1,
ESR2,IL4,LY9,MELK,RPL22,
ESRRA,IL5,MCAM,MERTK,RPN1,
ESRRB,IL6,MELTF,MET,RUNX1,
ESRRG,IL6ST,MME,MINK1,RUNX1T1,
ESX1,IL7,MPL,MKNK1,SEPTIN5,
ETS1,IL9,MRC1,MKNK2,SEPTIN6,
ETS2,INHA,MRC2,MLKL,SEPTIN9,
ETV1,INHBA,MS4A1,MOK,SET,
ETV2,INHBB,MSR1,MOS,SFPQ,
ETV3,INHBC,MST1R,MST1R,SH3GL1,
ETV4,INHBE,MUC1,MTOR,SLC45A3,
ETV5,INS,NCAM1,MUSK,SMO,
ETV6,INS-IGF2,NCR1,MYLK,SPECC1,
ETV7,INSL3,NCR2,MYLK2,SRGAP3,
EVX1,INSL4,NCR3,MYLK3,SRSF3,
EVX2,INSL5,NECTIN1,MYLK4,SS18,
EYA1,INSL6,NECTIN2,MYO3A,SS18L1,
EYA2,JAG1,NECTIN3,MYO3B,SSX1,
EYA3,JAG2,NGFR,NEK1,SSX2,
EYA4,KITLG,NRP1,NEK10,SSX4,
EZH1,KL,NT5E,NEK11,STIL,
EZH2,LACRT,PDCD1,NEK2,SUZ12,
FAM20C,LECT2,PDCD1LG2,NEK3,SYK,
FEM1A,LEFTY1,PDGFRA,NEK4,TAF15,
FEZF2,LEFTY2,PDGFRB,NEK5,TAL1,
FHL1,LEP,PECAM1,NEK6,TAL2,
FHL2,LHB,PLAUR,NEK7,TCEA1,
FHL5,LIF,PLXNC1,NEK8,TCF12,
FLI1,LRSAM1,PRNP,NEK9,TCF3,
FOS,LTA,PROCR,NIM1K,TCL1A,
FOSB,LTB,PROM1,NLK,TCL6,
FOSL1,LTBP1,PSG1,NPR1,TET1,
FOSL2,LTBP2,PTGDR2,NPR2,TFE3,
FOXA1,LTBP3,PTGFRN,NRBP1,TFEB,
FOXA2,LTBP4,PTPRC,NRBP2,TFG,
FOXA3,MANF,PTPRJ,NRK,TFPT,
FOXB1,MDK,PVR,NTRK1,TFRC,
FOXC1,MIA,RHAG,NTRK2,THRAP3,
FOXC2,MIF,RHCE,NTRK3,TLX1,
FOXD1,MLN,RHD,NUAK1,TLX3,
FOXD2,MSTN,SDC1,NUAK2,TMPRSS2,
FOXD3,MYDGF,SEC23B,NUMBL,TNFRSF17,
FOXD4,NAMPT,SELE,OBSCN,TOP1,
FOXE1,NDP,SELL,OXSR1,TPM3,
FOXE3,NENF,SELP,PAK1,TPM4,
FOXF1,NGF,SELPLG,PAK2,TPR,
FOXF2,NMB,SEMA4D,PAK3,TRIM24,
FOXG1,NODAL,SEMA7A,PAK4,TRIM27,
FOXH1,NPFF,SIGLEC1,PAK5,TRIM33,
FOXI1,NPPA,SIGLEC5,PAK6,TRIP11,
FOXJ1,NPPB,SIGLEC6,PASK,TSHR,
FOXJ2,NPPC,SIGLEC7,PBK,TTL,
FOXJ3,NPY,SIGLEC9,PDGFRA,USP6,
FOXK2,NRG1,SIRPA,PDGFRB,ZBTB16,
FOXL1,NRG2,SIRPB1,PDIK1L,ZMYM2,
FOXL2,NRG3,SIRPG,PDK1,ZNF331,
FOXM1,NRG4,SLAMF1,PDK2,ZNF384,
FOXN1,NRTN,SLAMF7,PDK3,ZNF521,
FOXN2,NTF3,SLC3A2,PDK4,,
FOXN3,NTF4,SLC44A1,PDPK1,,
FOXO1,NTS,SLC4A1,PEAK1,,
FOXO3,NUDT6,SPN,PHKG1,,
FOXO4,OGN,TEK,PHKG2,,
FOXP1,OSGIN1,TFRC,PIK3R4,,
FOXP2,OSM,THBD,PIM1,,
FOXP3,OSTN,THY1,PIM2,,
FOXQ1,OXT,TLR1,PIM3,,
FOXS1,PDGFA,TLR10,PINK1,,
FUBP1,PDGFB,TLR2,PKDCC,,
GABPA,PDGFC,TLR3,PKMYT1,,
GABPB1,PDGFD,TLR4,PKN1,,
GATA1,PDGFRA,TLR6,PKN2,,
GATA2,PDGFRB,TLR8,PKN3,,
GATA3,PDGFRL,TLR9,PLK1,,
GATA4,PDYN,TNFRSF10A,PLK2,,
GATA5,PENK,TNFRSF10B,PLK3,,
GATA6,PF4,TNFRSF10C,PLK4,,
GBX1,PF4V1,TNFRSF10D,PNCK,,
GBX2,PGF,TNFRSF11A,PRKAA1,,
GCM1,PLAU,TNFRSF12A,PRKAA2,,
GCM2,PMCH,TNFRSF13B,PRKACA,,
GFI1,PNOC,TNFRSF13C,PRKACB,,
GFI1B,POMC,TNFRSF17,PRKACG,,
GLI1,PPBP,TNFRSF1A,PRKCA,,
GLI2,PPBPP1,TNFRSF1B,PRKCB,,
GLI3,PPBPP2,TNFRSF4,PRKCD,,
GLIS1,PPY,TNFRSF8,PRKCE,,
GLIS2,PRL,TNFRSF9,PRKCG,,
GRHL1,PRLH,TNFSF10,PRKCH,,
GSC,PROK1,TNFSF11,PRKCI,,
GSC2,PROK2,TNFSF13,PRKCQ,,
GSX1,PSPN,TNFSF13B,PRKCZ,,
GSX2,PTH,TNFSF14,PRKD1,,
GTF2A1,PTH2,TNFSF4,PRKD2,,
GTF2A1L,PTHLH,TNFSF8,PRKD3,,
GTF2A2,PTN,TSPAN7,PRKDC,,
GTF2B,PYY,VCAM1,PRKG1,,
GTF2E1,QRFP,,PRKG2,,
GTF2E2,RABEP1,,PRKX,,
GTF2F1,RABEP2,,PRKY,,
GTF2F2,REG1A,,PRP4K,,
GTF2H1,RETN,,PSKH1,,
GTF2H2,RETNLB,,PSKH2,,
GTF2H3,RLN1,,PTK2,,
GTF2H4,RLN2,,PTK2B,,
GTF2I,RLN3,,PTK6,,
GTF3A,RNASE2,,PTK7,,
GTF3C1,S100A6,,PXK,,
GTF3C2,SAA1,,RAF1,,
GTF3C3,SAA2,,RET,,
GTF3C4,SBDS,,RIOK1,,
GTF3C5,SCG2,,RIOK2,,
GTPBP1,SCGB3A1,,RIOK3,,
HAND1,SCT,,RIPK1,,
HAND2,SECTM1,,RIPK2,,
HCFC2,SEMA3A,,RIPK3,,
HDAC1,SEMA3B,,RIPK4,,
HDAC2,SEMA3C,,RNASEL,,
HDAC4,SEMA3D,,ROCK1,,
HDX,SEMA3E,,ROCK2,,
HES1,SEMA3F,,ROR1,,
HES2,SEMA3G,,ROR2,,
HES4,SEMA4A,,ROS1,,
HES5,SEMA4B,,RPS6KA1,,
HES6,SEMA4C,,RPS6KA2,,
HES7,SEMA4D,,RPS6KA3,,
HESX1,SEMA4F,,RPS6KA4,,
HEXIM1,SEMA4G,,RPS6KA5,,
HEY1,SEMA5A,,RPS6KA6,,
HEY2,SEMA5B,,RPS6KB1,,
HEYL,SEMA6A,,RPS6KB2,,
HHEX,SEMA6B,,RPS6KC1,,
HIC1,SEMA6C,,RPS6KL1,,
HIC2,SEMA6D,,RYK,,
HIF1A,SEMA7A,,SBK1,,
HIF3A,SLIT1,,SBK2,,
HIRA,SLIT2,,SCYL1,,
HIVEP1,SLURP1,,SCYL2,,
HIVEP2,SPP1,,SCYL3,,
HLF,SST,,SGK1,,
HLTF,STC1,,SGK2,,
HLX,STC2,,SGK3,,
HMBOX1,TAC1,,SIK1,,
HMG20B,TG,,SIK2,,
HMGA1,TGFA,,SIK3,,
HMGA2,TGFB1,,SLC67A1,,
HMGB1,TGFB2,,SLK,,
HMGB2,TGFB3,,SMG1,,
HMGN2,THPO,,SNRK,,
HMGXB3,TNC,,SPEG,,
HMX1,TNF,,SRC,,
HMX2,TNFRSF11B,,SRMS,,
HMX3,TNFSF10,,SRPK1,,
HNF1A,TNFSF11,,SRPK2,,
HNF1B,TNFSF12,,SRPK3,,
HNF4A,TNFSF13,,STK10,,
HNF4G,TNFSF13B,,STK11,,
HOMEZ,TNFSF14,,STK16,,
HOPX,TNFSF15,,STK17A,,
HOXA1,TNFSF18,,STK17B,,
HOXA10,TNFSF4,,STK24,,
HOXA11,TNFSF8,,STK25,,
HOXA13,TNFSF9,,STK26,,
HOXA2,TOR2A,,STK3,,
HOXA3,TRH,,STK31,,
HOXA4,TSHB,,STK32A,,
HOXA5,TSLP,,STK32B,,
HOXA6,TXLNA,,STK32C,,
HOXA7,TYMP,,STK33,,
HOXA9,UCN,,STK35,,
HOXB1,UCN2,,STK36,,
HOXB13,UCN3,,STK38,,
HOXB2,UTS2,,STK38L,,
HOXB3,UTS2B,,STK39,,
HOXB4,VEGFA,,STK4,,
HOXB5,VEGFB,,STK40,,
HOXB6,VEGFC,,STKLD1,,
HOXB7,VEGFD,,STRADA,,
HOXB8,VGF,,STRADB,,
HOXB9,VIP,,STYK1,,
HOXC10,XCL1,,SYK,,
HOXC11,XCL2,,TAF1,,
HOXC12,,,TAF1L,,
HOXC13,,,TAOK1,,
HOXC4,,,TAOK2,,
HOXC5,,,TAOK3,,
HOXC6,,,TBCK,,
HOXC8,,,TBK1,,
HOXC9,,,TEC,,
HOXD1,,,TEK,,
HOXD10,,,TESK1,,
HOXD11,,,TESK2,,
HOXD12,,,TEX14,,
HOXD13,,,TGFBR1,,
HOXD3,,,TGFBR2,,
HOXD4,,,TIE1,,
HOXD8,,,TLK1,,
HOXD9,,,TLK2,,
HR,,,TNIK,,
HSF1,,,TNK1,,
HSF2,,,TNK2,,
HSF2BP,,,TNNI3K,,
HSF4,,,TP53RK,,
HSFX1,,,TRIB1,,
HSFY1,,,TRIB2,,
ID1,,,TRIB3,,
ID2,,,TRIM24,,
ID3,,,TRIM28,,
ID4,,,TRIM33,,
IER2,,,TRIO,,
IFT172,,,TRPM6,,
IGHMBP2,,,TRPM7,,
IKZF1,,,TRRAP,,
IKZF2,,,TSSK1B,,
IKZF3,,,TSSK2,,
IKZF5,,,TSSK3,,
ILF2,,,TSSK4,,
ILF3,,,TSSK6,,
INSM1,,,TTBK1,,
INSM2,,,TTBK2,,
INTS4,,,TTK,,
IRF1,,,TTN,,
IRF2,,,TWF1,,
IRF3,,,TWF2,,
IRF4,,,TXK,,
IRF5,,,TYK2,,
IRF6,,,TYRO3,,
IRF7,,,UHMK1,,
IRF8,,,ULK1,,
IRF9,,,ULK2,,
IRX1,,,ULK3,,
IRX1P1,,,ULK4,,
IRX2,,,VRK1,,
IRX3,,,VRK2,,
IRX4,,,VRK3,,
IRX5,,,WEE1,,
IRX6,,,WEE2,,
ISL1,,,WHR1,,
ISL2,,,WNK1,,
ISX,,,WNK2,,
JARID2,,,WNK3,,
JMJD4,,,WNK4,,
JUN,,,ZAP70,,
JUNB,,,,,
JUND,,,,,
KAT2A,,,,,
KAT5,,,,,
KAT6A,,,,,
KAT6B,,,,,
KAT7,,,,,
KCNIP3,,,,,
KDM3B,,,,,
KDM4C,,,,,
KDM4D,,,,,
KDM5C,,,,,
KEAP1,,,,,
KIAA0040,,,,,
KLF1,,,,,
KLF10,,,,,
KLF11,,,,,
KLF12,,,,,
KLF13,,,,,
KLF14,,,,,
KLF15,,,,,
KLF16,,,,,
KLF2,,,,,
KLF3,,,,,
KLF4,,,,,
KLF5,,,,,
KLF6,,,,,
KLF7,,,,,
KLF8,,,,,
KLF9,,,,,
KLHL21,,,,,
KLHL5,,,,,
KMT2A,,,,,
KMT2D,,,,,
KMT5B,,,,,
L3MBTL1,,,,,
LARP1,,,,,
LAS1L,,,,,
LBX1,,,,,
LBX2,,,,,
LDB1,,,,,
LDB2,,,,,
LDOC1,,,,,
LEF1,,,,,
LEUTX,,,,,
LHX1,,,,,
LHX2,,,,,
LHX3,,,,,
LHX4,,,,,
LHX5,,,,,
LHX6,,,,,
LHX8,,,,,
LHX9,,,,,
LIMA1,,,,,
LIN28A,,,,,
LITAF,,,,,
LMO1,,,,,
LMO2,,,,,
LMO3,,,,,
LMO4,,,,,
LMO7,,,,,
LMX1A,,,,,
LMX1B,,,,,
LRRC14,,,,,
LSR,,,,,
LTN1,,,,,
LYL1,,,,,
LZTR1,,,,,
LZTS1,,,,,
MAF,,,,,
MAFB,,,,,
MAFF,,,,,
MAFG,,,,,
MAFK,,,,,
MAML3,,,,,
MAMLD1,,,,,
MANSC1,,,,,
MAPK8IP1,,,,,
MAX,,,,,
MAZ,,,,,
MBD1,,,,,
MBD2,,,,,
MBD4,,,,,
MBNL2,,,,,
MECOM,,,,,
MECP2,,,,,
MED1,,,,,
MED12,,,,,
MED14,,,,,
MED15,,,,,
MED16,,,,,
MED17,,,,,
MED21,,,,,
MED23,,,,,
MED24,,,,,
MED26,,,,,
MED27,,,,,
MED6,,,,,
MED7,,,,,
MEF2A,,,,,
MEF2C,,,,,
MEF2D,,,,,
MEFV,,,,,
MEIS1,,,,,
MEIS2,,,,,
MEIS3,,,,,
MEIS3P1,,,,,
MEIS3P2,,,,,
MEOX1,,,,,
MEOX2,,,,,
MESP2,,,,,
METTL3,,,,,
MFSD12,,,,,
MFSD3,,,,,
MGA,,,,,
MGAT5,,,,,
MICALL1,,,,,
MID1,,,,,
MIEF1,,,,,
MIER1,,,,,
MIR9-1HG,,,,,
MIS18BP1,,,,,
MITF,,,,,
MIXL1,,,,,
MKX,,,,,
MLLT1,,,,,
MLLT10,,,,,
MLLT3,,,,,
MLLT6,,,,,
MLX,,,,,
MLXIP,,,,,
MLXIPL,,,,,
MNAT1,,,,,
MNDA,,,,,
MNT,,,,,
MNX1,,,,,
MORF4,,,,,
MORF4L1,,,,,
MORF4L2,,,,,
MSC,,,,,
MSRB2,,,,,
MSX1,,,,,
MSX2,,,,,
MSX2P1,,,,,
MTA1,,,,,
MTA2,,,,,
MTF1,,,,,
MTF2,,,,,
MXD1,,,,,
MXD3,,,,,
MXD4,,,,,
MXI1,,,,,
MYB,,,,,
MYBBP1A,,,,,
MYBL1,,,,,
MYBL2,,,,,
MYC,,,,,
MYCBP,,,,,
MYCL,,,,,
MYCLP1,,,,,
MYCN,,,,,
MYCNOS,,,,,
MYF5,,,,,
MYF6,,,,,
MYOD1,,,,,
MYOG,,,,,
MYRF,,,,,
MYT1,,,,,
MYT1L,,,,,
MZF1,,,,,
NAB1,,,,,
NAB2,,,,,
NANOG,,,,,
NANOGP1,,,,,
NANOGP10,,,,,
NANOGP11,,,,,
NANOGP2,,,,,
NANOGP3,,,,,
NANOGP4,,,,,
NANOGP5,,,,,
NANOGP6,,,,,
NANOGP7,,,,,
NANOGP8,,,,,
NANOGP9,,,,,
NCALD,,,,,
NCOA1,,,,,
NCOA2,,,,,
NCOA3,,,,,
NCOA4,,,,,
NCOA6,,,,,
NCOR1,,,,,
NCOR2,,,,,
NEUROD1,,,,,
NEUROD2,,,,,
NEUROD4,,,,,
NEUROD6,,,,,
NEUROG1,,,,,
NEUROG2,,,,,
NEUROG3,,,,,
NFAT5,,,,,
NFATC1,,,,,
NFATC2,,,,,
NFATC3,,,,,
NFATC4,,,,,
NFE2,,,,,
NFE2L1,,,,,
NFE2L2,,,,,
NFE2L3,,,,,
NFIA,,,,,
NFIB,,,,,
NFIC,,,,,
NFIL3,,,,,
NFIX,,,,,
NFKB1,,,,,
NFKB2,,,,,
NFKBIA,,,,,
NFKBIB,,,,,
NFKBIE,,,,,
NFKBIL1,,,,,
NFRKB,,,,,
NFX1,,,,,
NFYA,,,,,
NFYB,,,,,
NFYC,,,,,
NHLH2,,,,,
NKRF,,,,,
NKX1-1,,,,,
NKX1-2,,,,,
NKX2-1,,,,,
NKX2-2,,,,,
NKX2-3,,,,,
NKX2-4,,,,,
NKX2-5,,,,,
NKX2-6,,,,,
NKX2-8,,,,,
NKX3-1,,,,,
NKX3-2,,,,,
NKX6-1,,,,,
NKX6-2,,,,,
NKX6-3,,,,,
NMI,,,,,
NOBOX,,,,,
NOTO,,,,,
NPAS1,,,,,
NPAS2,,,,,
NR0B1,,,,,
NR0B2,,,,,
NR1D1,,,,,
NR1D2,,,,,
NR1H2,,,,,
NR1H3,,,,,
NR1H4,,,,,
NR1I2,,,,,
NR1I3,,,,,
NR2C1,,,,,
NR2C2,,,,,
NR2E1,,,,,
NR2E3,,,,,
NR2F1,,,,,
NR2F2,,,,,
NR2F6,,,,,
NR3C1,,,,,
NR3C2,,,,,
NR4A1,,,,,
NR4A2,,,,,
NR4A3,,,,,
NR5A1,,,,,
NR5A2,,,,,
NR6A1,,,,,
NRF1,,,,,
NRIP1,,,,,
NRL,,,,,
NSD2,,,,,
NUFIP2,,,,,
OLIG1,,,,,
OLIG2,,,,,
OLIG3,,,,,
ONECUT1,,,,,
ONECUT2,,,,,
ONECUT3,,,,,
OPTN,,,,,
OSR1,,,,,
OTP,,,,,
OTUD7B,,,,,
OTX1,,,,,
OTX2,,,,,
OTX2P1,,,,,
OVOL1,,,,,
OVOL3,,,,,
PACS2,,,,,
PATZ1,,,,,
PAX1,,,,,
PAX2,,,,,
PAX3,,,,,
PAX4,,,,,
PAX5,,,,,
PAX6,,,,,
PAX7,,,,,
PAX8,,,,,
PAX9,,,,,
PAXIP1,,,,,
PBX1,,,,,
PBX2,,,,,
PBX2P1,,,,,
PBX3,,,,,
PBX4,,,,,
PCGF2,,,,,
PCGF3,,,,,
PDLIM5,,,,,
PDX1,,,,,
PER1,,,,,
PER2,,,,,
PER3,,,,,
PFDN5,,,,,
PGR,,,,,
PHC1,,,,,
PHF11,,,,,
PHF3,,,,,
PHOX2A,,,,,
PHOX2B,,,,,
PHRF1,,,,,
PHTF1,,,,,
PIAS2,,,,,
PIAS3,,,,,
PITX1,,,,,
PITX2,,,,,
PITX3,,,,,
PKNOX1,,,,,
PKNOX2,,,,,
PLAG1,,,,,
PLAGL1,,,,,
PLAGL2,,,,,
PLRG1,,,,,
PMF1,,,,,
PML,,,,,
POU1F1,,,,,
POU2AF1,,,,,
POU2F1,,,,,
POU2F2,,,,,
POU2F3,,,,,
POU3F1,,,,,
POU3F2,,,,,
POU3F3,,,,,
POU3F4,,,,,
POU4F1,,,,,
POU4F2,,,,,
POU4F3,,,,,
POU5F1,,,,,
POU5F1B,,,,,
POU5F1P2,,,,,
POU5F1P3,,,,,
POU5F1P4,,,,,
POU5F1P5,,,,,
POU5F1P6,,,,,
POU5F1P7,,,,,
POU5F2,,,,,
POU6F1,,,,,
POU6F2,,,,,
PPARA,,,,,
PPARD,,,,,
PPARG,,,,,
PPARGC1A,,,,,
PPP1R13L,,,,,
PRDM1,,,,,
PRDM10,,,,,
PRDM11,,,,,
PRDM12,,,,,
PRDM13,,,,,
PRDM14,,,,,
PRDM15,,,,,
PRDM16,,,,,
PRDM2,,,,,
PRDM4,,,,,
PRDM5,,,,,
PRDM6,,,,,
PRDM7,,,,,
PRDM8,,,,,
PRDM9,,,,,
PREB,,,,,
PRICKLE3,,,,,
PROP1,,,,,
PROX1,,,,,
PROX2,,,,,
PRR7,,,,,
PRRX1,,,,,
PRRX2,,,,,
PSIP1,,,,,
PSMC5,,,,,
PTTG1IP,,,,,
PURA,,,,,
RARA,,,,,
RARB,,,,,
RARG,,,,,
RASSF7,,,,,
RAX,,,,,
RAX2,,,,,
RB1,,,,,
RBBP5,,,,,
RBBP9,,,,,
RBL1,,,,,
RBL2,,,,,
RBPJ,,,,,
RBPJL,,,,,
RCOR1,,,,,
RCVRN,,,,,
REL,,,,,
RELA,,,,,
RELB,,,,,
REPIN1,,,,,
RERE,,,,,
REST,,,,,
REV3L,,,,,
RFX1,,,,,
RFX2,,,,,
RFX3,,,,,
RFX4,,,,,
RFX5,,,,,
RFXANK,,,,,
RGCC,,,,,
RHOXF1,,,,,
RHOXF2,,,,,
RHOXF2B,,,,,
RIMS3,,,,,
RING1,,,,,
RLF,,,,,
RLIM,,,,,
RNF10,,,,,
RNF103,,,,,
RNF112,,,,,
RNF113A,,,,,
RNF114,,,,,
RNF115,,,,,
RNF13,,,,,
RNF14,,,,,
RNF141,,,,,
RNF144A,,,,,
RNF2,,,,,
RNF24,,,,,
RNF4,,,,,
RNF41,,,,,
RNF8,,,,,
RORA,,,,,
RORB,,,,,
RORC,,,,,
RREB1,,,,,
RRN3,,,,,
RTRAF,,,,,
RUNX1,,,,,
RUNX1T1,,,,,
RUNX2,,,,,
RUNX3,,,,,
RXRA,,,,,
RXRB,,,,,
RXRG,,,,,
SAFB,,,,,
SALL1,,,,,
SALL2,,,,,
SALL3,,,,,
SALL4,,,,,
SAMD4B,,,,,
SAP18,,,,,
SAP30,,,,,
SAP30BP,,,,,
SART3,,,,,
SATB1,,,,,
SATB2,,,,,
SCAND1,,,,,
SCAND2P,,,,,
SCML1,,,,,
SCML2,,,,,
SCRT1,,,,,
SCRT2,,,,,
SEBOX,,,,,
SERTAD1,,,,,
SERTAD2,,,,,
SETBP1,,,,,
SETD4,,,,,
SETDB1,,,,,
SF1,,,,,
SHOX,,,,,
SHOX2,,,,,
SIAH1,,,,,
SIAH2,,,,,
SIM1,,,,,
SIM2,,,,,
SIN3B,,,,,
SIX1,,,,,
SIX2,,,,,
SIX3,,,,,
SIX4,,,,,
SIX5,,,,,
SIX6,,,,,
SLC25A40,,,,,
SMAD1,,,,,
SMAD2,,,,,
SMAD3,,,,,
SMAD4,,,,,
SMAD5,,,,,
SMAD6,,,,,
SMAD7,,,,,
SMAD9,,,,,
SMARCA1,,,,,
SMARCA2,,,,,
SMARCA4,,,,,
SMARCA5,,,,,
SMARCAD1,,,,,
SMARCAL1,,,,,
SMARCB1,,,,,
SMARCC1,,,,,
SMARCC2,,,,,
SMARCE1,,,,,
SMYD5,,,,,
SNAI1,,,,,
SNAI2,,,,,
SNAI3,,,,,
SNAPC1,,,,,
SNAPC2,,,,,
SNAPC3,,,,,
SNAPC4,,,,,
SNAPC5,,,,,
SND1,,,,,
SNW1,,,,,
SOX1,,,,,
SOX10,,,,,
SOX11,,,,,
SOX12,,,,,
SOX13,,,,,
SOX14,,,,,
SOX15,,,,,
SOX17,,,,,
SOX18,,,,,
SOX2,,,,,
SOX21,,,,,
SOX3,,,,,
SOX30,,,,,
SOX4,,,,,
SOX5,,,,,
SOX6,,,,,
SOX8,,,,,
SOX9,,,,,
SP1,,,,,
SP2,,,,,
SP3,,,,,
SP4,,,,,
SPDEF,,,,,
SPEN,,,,,
SPI1,,,,,
SPIB,,,,,
SRA1,,,,,
SRCAP,,,,,
SREBF1,,,,,
SREBF2,,,,,
SRF,,,,,
SRY,,,,,
SSRP1,,,,,
SSX1,,,,,
SSX2,,,,,
SSX3,,,,,
SSX4,,,,,
SSX5,,,,,
SSX6P,,,,,
SSX7,,,,,
SSX8P,,,,,
SSX9P,,,,,
ST18,,,,,
STAT1,,,,,
STAT2,,,,,
STAT3,,,,,
STAT4,,,,,
STAT5A,,,,,
STAT5B,,,,,
STAT6,,,,,
STON1,,,,,
SUB1,,,,,
SUPT16H,,,,,
SUPT20H,,,,,
SUPT3H,,,,,
SUPT4H1,,,,,
SUPT5H,,,,,
SUPT6H,,,,,
TADA2A,,,,,
TADA3,,,,,
TAF1,,,,,
TAF10,,,,,
TAF11,,,,,
TAF12,,,,,
TAF13,,,,,
TAF15,,,,,
TAF1A,,,,,
TAF1B,,,,,
TAF1C,,,,,
TAF2,,,,,
TAF3,,,,,
TAF4,,,,,
TAF4B,,,,,
TAF5,,,,,
TAF5L,,,,,
TAF6,,,,,
TAF6L,,,,,
TAF7,,,,,
TAF9,,,,,
TAL1,,,,,
TAL2,,,,,
TBC1D10B,,,,,
TBL1Y,,,,,
TBP,,,,,
TBPL1,,,,,
TBR1,,,,,
TBX1,,,,,
TBX10,,,,,
TBX15,,,,,
TBX18,,,,,
TBX19,,,,,
TBX2,,,,,
TBX20,,,,,
TBX21,,,,,
TBX22,,,,,
TBX3,,,,,
TBX4,,,,,
TBX5,,,,,
TBX6,,,,,
TBXT,,,,,
TCEAL1,,,,,
TCEAL9,,,,,
TCERG1,,,,,
TCF12,,,,,
TCF15,,,,,
TCF19,,,,,
TCF20,,,,,
TCF21,,,,,
TCF3,,,,,
TCF4,,,,,
TCF7,,,,,
TCF7L1,,,,,
TCF7L2,,,,,
TCFL5,,,,,
TEAD1,,,,,
TEAD2,,,,,
TEAD3,,,,,
TEAD4,,,,,
TECPR1,,,,,
TEF,,,,,
TFAM,,,,,
TFAP2A,,,,,
TFAP2B,,,,,
TFAP2C,,,,,
TFAP2D,,,,,
TFAP4,,,,,
TFB1M,,,,,
TFB2M,,,,,
TFCP2,,,,,
TFCP2L1,,,,,
TFDP1,,,,,
TFDP2,,,,,
TFDP3,,,,,
TFE3,,,,,
TFEB,,,,,
TFEC,,,,,
TGFB1I1,,,,,
TGIF1,,,,,
TGIF1P1,,,,,
TGIF2,,,,,
TGIF2LX,,,,,
TGIF2LY,,,,,
TGIF2P1,,,,,
THRA,,,,,
THRAP3,,,,,
THRB,,,,,
TICRR,,,,,
TIMELESS,,,,,
TLX1,,,,,
TLX2,,,,,
TLX3,,,,,
TMEM121B,,,,,
TMEM259,,,,,
TMEM260,,,,,
TMF1,,,,,
TNRC18P2,,,,,
TNRC6A,,,,,
TONSL,,,,,
TOX,,,,,
TOX3,,,,,
TP53,,,,,
TP53I13,,,,,
TP63,,,,,
TP73,,,,,
TPRX1,,,,,
TPRX1P1,,,,,
TPRX2,,,,,
TPRXL,,,,,
TRIM10,,,,,
TRIM13,,,,,
TRIM15,,,,,
TRIM22,,,,,
TRIM24,,,,,
TRIM25,,,,,
TRIM26,,,,,
TRIM27,,,,,
TRIM28,,,,,
TRIM3,,,,,
TRIM33,,,,,
TRIM38,,,,,
TRIM62,,,,,
TRIOBP,,,,,
TRIP10,,,,,
TRIP11,,,,,
TRIP13,,,,,
TRIP4,,,,,
TRIP6,,,,,
TRMT1,,,,,
TRPS1,,,,,
TSC22D1,,,,,
TSC22D2,,,,,
TSC22D3,,,,,
TSC22D4,,,,,
TSHZ1,,,,,
TSHZ2,,,,,
TSHZ3,,,,,
TTLL4,,,,,
TTLL5,,,,,
TUB,,,,,
TULP1,,,,,
TULP2,,,,,
TULP3,,,,,
TULP4,,,,,
TWIST1,,,,,
UBP1,,,,,
UBR4,,,,,
UBTF,,,,,
UHRF1,,,,,
ULK2,,,,,
UNCX,,,,,
USE1,,,,,
USF1,,,,,
USF2,,,,,
UTF1,,,,,
VAX1,,,,,
VAX2,,,,,
VDR,,,,,
VENTX,,,,,
VENTXP1,,,,,
VENTXP2,,,,,
VENTXP3,,,,,
VENTXP4,,,,,
VENTXP5,,,,,
VENTXP6,,,,,
VENTXP7,,,,,
VEZF1,,,,,
VGLL1,,,,,
VPS72,,,,,
VSX1,,,,,
VSX2,,,,,
WDR45B,,,,,
WT1,,,,,
XBP1,,,,,
YAF2,,,,,
YBX1,,,,,
YBX2,,,,,
YBX3,,,,,
YEATS4,,,,,
YY1,,,,,
ZAR1,,,,,
ZBTB11,,,,,
ZBTB14,,,,,
ZBTB16,,,,,
ZBTB17,,,,,
ZBTB18,,,,,
ZBTB20,,,,,
ZBTB21,,,,,
ZBTB22,,,,,
ZBTB24,,,,,
ZBTB25,,,,,
ZBTB32,,,,,
ZBTB33,,,,,
ZBTB38,,,,,
ZBTB39,,,,,
ZBTB40,,,,,
ZBTB43,,,,,
ZBTB47,,,,,
ZBTB48,,,,,
ZBTB6,,,,,
ZBTB7A,,,,,
ZBTB7B,,,,,
ZDHHC1,,,,,
ZDHHC17,,,,,
ZEB1,,,,,
ZEB2,,,,,
ZEB2P1,,,,,
ZFAND3,,,,,
ZFAND5,,,,,
ZFAND6,,,,,
ZFHX2,,,,,
ZFHX3,,,,,
ZFHX4,,,,,
ZFP28,,,,,
ZFP30,,,,,
ZFP36,,,,,
ZFP36L2,,,,,
ZFP37,,,,,
ZFP62,,,,,
ZFP64,,,,,
ZFP69B,,,,,
ZFP91,,,,,
ZFP92,,,,,
ZFPL1,,,,,
ZFPM1,,,,,
ZFPM2,,,,,
ZFR,,,,,
ZFX,,,,,
ZFY,,,,,
ZHX1,,,,,
ZHX2,,,,,
ZHX3,,,,,
ZIC1,,,,,
ZIC2,,,,,
ZIC3,,,,,
ZIC4,,,,,
ZIC5,,,,,
ZIM2,,,,,
ZKSCAN1,,,,,
ZKSCAN3,,,,,
ZKSCAN4,,,,,
ZKSCAN5,,,,,
ZKSCAN7,,,,,
ZKSCAN8,,,,,
ZMYM3,,,,,
ZMYM4,,,,,
ZMYM5,,,,,
ZMYM6,,,,,
ZMYND11,,,,,
ZNF10,,,,,
ZNF106,,,,,
ZNF107,,,,,
ZNF112,,,,,
ZNF117,,,,,
ZNF12,,,,,
ZNF123P,,,,,
ZNF124,,,,,
ZNF131,,,,,
ZNF132,,,,,
ZNF133,,,,,
ZNF134,,,,,
ZNF135,,,,,
ZNF136,,,,,
ZNF137P,,,,,
ZNF138,,,,,
ZNF14,,,,,
ZNF140,,,,,
ZNF141,,,,,
ZNF142,,,,,
ZNF143,,,,,
ZNF146,,,,,
ZNF148,,,,,
ZNF154,,,,,
ZNF155,,,,,
ZNF157,,,,,
ZNF16,,,,,
ZNF160,,,,,
ZNF165,,,,,
ZNF169,,,,,
ZNF17,,,,,
ZNF174,,,,,
ZNF175,,,,,
ZNF177,,,,,
ZNF18,,,,,
ZNF180,,,,,
ZNF182,,,,,
ZNF184,,,,,
ZNF185,,,,,
ZNF189,,,,,
ZNF19,,,,,
ZNF195,,,,,
ZNF197,,,,,
ZNF2,,,,,
ZNF20,,,,,
ZNF200,,,,,
ZNF202,,,,,
ZNF205,,,,,
ZNF207,,,,,
ZNF208,,,,,
ZNF211,,,,,
ZNF212,,,,,
ZNF213,,,,,
ZNF214,,,,,
ZNF215,,,,,
ZNF217,,,,,
ZNF219,,,,,
ZNF22,,,,,
ZNF221,,,,,
ZNF222,,,,,
ZNF223,,,,,
ZNF224,,,,,
ZNF225,,,,,
ZNF226,,,,,
ZNF229,,,,,
ZNF23,,,,,
ZNF230,,,,,
ZNF232,,,,,
ZNF234,,,,,
ZNF235,,,,,
ZNF236,,,,,
ZNF239,,,,,
ZNF24,,,,,
ZNF248,,,,,
ZNF25,,,,,
ZNF250,,,,,
ZNF251,,,,,
ZNF254,,,,,
ZNF256,,,,,
ZNF26,,,,,
ZNF263,,,,,
ZNF264,,,,,
ZNF266,,,,,
ZNF267,,,,,
ZNF268,,,,,
ZNF271P,,,,,
ZNF273,,,,,
ZNF274,,,,,
ZNF275,,,,,
ZNF277,,,,,
ZNF28,,,,,
ZNF281,,,,,
ZNF282,,,,,
ZNF286A,,,,,
ZNF287,,,,,
ZNF29P,,,,,
ZNF3,,,,,
ZNF30,,,,,
ZNF304,,,,,
ZNF318,,,,,
ZNF319,,,,,
ZNF32,,,,,
ZNF324,,,,,
ZNF331,,,,,
ZNF334,,,,,
ZNF337,,,,,
ZNF33A,,,,,
ZNF33B,,,,,
ZNF35,,,,,
ZNF354A,,,,,
ZNF358,,,,,
ZNF362,,,,,
ZNF37A,,,,,
ZNF395,,,,,
ZNF408,,,,,
ZNF41,,,,,
ZNF410,,,,,
ZNF414,,,,,
ZNF415,,,,,
ZNF416,,,,,
ZNF423,,,,,
ZNF43,,,,,
ZNF430,,,,,
ZNF432,,,,,
ZNF44,,,,,
ZNF443,,,,,
ZNF444,,,,,
ZNF45,,,,,
ZNF460,,,,,
ZNF461,,,,,
ZNF473,,,,,
ZNF483,,,,,
ZNF510,,,,,
ZNF516,,,,,
ZNF532,,,,,
ZNF544,,,,,
ZNF552,,,,,
ZNF559,,,,,
ZNF576,,,,,
ZNF581,,,,,
ZNF592,,,,,
ZNF593,,,,,
ZNF605,,,,,
ZNF613,,,,,
ZNF629,,,,,
ZNF630,,,,,
ZNF639,,,,,
ZNF646,,,,,
ZNF649,,,,,
ZNF668,,,,,
ZNF669,,,,,
ZNF672,,,,,
ZNF682,,,,,
ZNF691,,,,,
ZNF692,,,,,
ZNF696,,,,,
ZNF7,,,,,
ZNF701,,,,,
ZNF706,,,,,
ZNF708,,,,,
ZNF711,,,,,
ZNF73P,,,,,
ZNF74,,,,,
ZNF746,,,,,
ZNF75A,,,,,
ZNF76,,,,,
ZNF79,,,,,
ZNF8,,,,,
ZNF80,,,,,
ZNF81,,,,,
ZNF823,,,,,
ZNF83,,,,,
ZNF831,,,,,
ZNF84,,,,,
ZNF85,,,,,
ZNF875,,,,,
ZNF90,,,,,
ZNF91,,,,,
ZNF92,,,,,
ZNF93,,,,,
ZNHIT6,,,,,
ZPR1,,,,,
ZRANB2,,,,,
ZSCAN10,,,,,
ZSCAN12,,,,,
ZSCAN2,,,,,
ZSCAN20,,,,,
ZSCAN21,,,,,
ZSCAN22,,,,,
ZSCAN26,,,,,
ZSCAN9,,,,,
ZXDA,,,,,
ZXDB,,,,,
ZXDC,,,,,
